Nome,Data,Ano,Email1,NÃºmero do processo
Brenden Bond,Apr 21,2024,auctor.quis@google.ca,AE153805078853121610986
Oren Nixon,Aug 27,2023,accumsan.neque@icloud.ca,PL78944739892499845621323186
Chantale Rios,Dec 27,2023,est.mauris@outlook.couk,CY47401294594575824534821540
Charlotte Bernard,Dec 12,2024,fringilla.donec.feugiat@google.couk,FO4084852486477835
Piper Ray,Oct 31,2024,dictum.eu.eleifend@icloud.org,KW6242438831277057783428477217
Lacy Richards,May 18,2024,pharetra@protonmail.org,IT154XBYEI67707685475020340
Keane Lancaster,Mar 11,2023,mauris.a.nunc@icloud.couk,CY19910836875275551250245777
Mason Mcmahon,May 24,2024,tempus@protonmail.com,PS507152627711528419146175127
Martin Hensley,Jan 17,2024,eu.sem@yahoo.couk,GT73363418908327709705439395
Petra Hammond,Jun 1,2024,parturient.montes@icloud.net,BA515993422635250448
Barclay Perez,Sep 23,2023,nulla.facilisis@aol.couk,VG1996882814944749056722
Arthur Gallegos,Jul 17,2024,vestibulum.neque@google.com,SK2560567853817187062899
Mariko Burch,Sep 12,2024,non@aol.org,TN5946406561747183024589
Timon French,Aug 31,2023,at@icloud.edu,DO95179695754772325671580183
Amos Sweeney,May 30,2024,bibendum@icloud.ca,IL026651722480478526427
Barrett Carver,Nov 17,2024,tempor@google.org,MD4228472773473210124456
Kadeem Martin,Dec 17,2024,mollis.lectus.pede@icloud.org,MK60580762747122626
Dorian Carlson,Jun 10,2023,imperdiet.non@yahoo.org,AD4554427147571081728256
Katell Blair,Aug 7,2024,diam@protonmail.ca,PT19337352535341559627237
Ifeoma Thompson,Oct 13,2024,orci@icloud.org,IE59KXEN3944712671980
